X,Y,L
-174598.6746886409,744760.1967844265,n1
-174621.5514202288,744760.1385204609,n2
-174580.72199842523,744758.9302425468,n3
-174567.06958694113,744757.3891329566,n4
-174554.78964249682,744755.6306981208,n5
-174530.8999486504,744749.6117590123,n6
-174514.03018405766,744744.5713488598,n7
-174484.58026776343,744733.9634952132,n8
-174464.09442752236,744728.238024734,n9
-174436.0953650011,744725.6605499187,n10
-174416.85077907922,744726.5265978673,n11
-174384.4984453909,744727.7352371514,n12
-174362.6699718941,744728.3679296513,n13
-174339.5804255482,744728.6002103532,n14
-174329.05166283692,744729.3691098895,n15
-174288.12987657645,744731.8983635635,n16
-174273.43011277282,744732.7050152922,n17
-174268.5313491777,744732.9825154375,n18
-174237.51383550427,744734.7395534194,n19
-174218.40411551288,744736.1425754612,n20
-174203.37997202468,744736.6801692854,n21
-174182.8001298374,744736.9878929284,n22
-174166.3893345648,744738.3859823035,n23
-174156.92423949746,744739.211269677,n24
-174142.766902002,744741.3190491198,n25
-174483.47377235207,744746.6656902008,n26
-174486.55893864768,744764.4807533708,n27
-174490.01034957782,744784.6278772601,n28
-174491.4876633431,744812.4555573453,n29
-174491.99519980903,744839.2104502313,n30
-174489.10548746164,744876.9897125937,n31
-174486.86240796122,744886.068929554,n32
-174478.18230604538,744921.2029788841,n33
-174468.00422796758,744962.4002608355,n34
-174451.82605433027,744997.0770369901,n35
-174363.43323637455,745134.2385949292,n36
-174307.5065661131,745105.5838471898,n37
-174301.9310958014,745102.0722751284,n38
-174285.81814312344,745091.9239265689,n39
-174274.49726353277,745084.7937444092,n40
-174269.59580951097,745081.0909503442,n41
-174235.23279434527,745055.1314599144,n42
-174227.5232567158,745049.3072968589,n43
-174219.89813896647,745043.5469073065,n44
-174410.37201894773,744974.1276711456,n45
-174365.35068423365,744951.9029562831,n46
-174334.61218674216,744935.7181225049,n47
-174272.94589285404,744900.1489134249,n48
-174231.82617376588,744878.3932023571,n49
-174210.62667751464,744867.1769126492,n50
-174139.53312118695,744829.2807427584,n51
-174116.6118990899,744822.8156040129,n52
-174109.7681080834,744821.7958874356,n53
-174097.1064744663,744819.9093171062,n54
-174087.52545101158,744819.1814377845,n55
-174094.65234513994,744827.1997301907,n56
-174094.92334820644,744836.4974853024,n57
-174101.69442526705,744847.3638052765,n58
-174112.85321306472,744851.9450549629,n59
-174130.83083284265,744850.8981482991,n60
-174142.98590447748,744851.7436903793,n61
-174157.83693557893,744852.7767675841,n62
-174178.64627647496,744868.3827207111,n63
-174181.75184350295,744870.7593481672,n64
-174205.0036263225,744888.5534584646,n65
-174204.47239910258,744911.8329186607,n66
-174204.207534739,744923.439777371,n67
-174203.783118938,744932.8354804383,n68
-174143.2646670787,744864.6275270209,n69
-174471.09069752158,744839.3242125752,n70
-174434.84213308568,744839.8179104374,n71
-174418.59723383235,744839.8537831098,n72
-174399.8935180762,744839.8155533081,n73
-174381.51432280985,744839.7617326401,n74
-174368.08990892785,744837.9307402646,n75
-174363.9477879879,744836.0114911435,n76
-174358.19899961766,744832.1958917772,n77
-174354.64622013926,744824.4879956046,n78
-174353.6234364583,744813.0595150836,n79
-174351.95261444894,744794.3899273543,n80
-174350.02312038108,744774.7906801475,n81
-174486.26408441731,744708.9112165355,n82
-174489.92443090328,744697.0251970332,n83
-174498.9018730712,744665.351655652,n84
-174502.49134725903,744646.3281824784,n85
-174508.61415093957,744619.6831399748,n86
-174509.14366445254,744592.2165308592,n87
-174508.2192842806,744568.4216756956,n88
-174506.75063662842,744549.9502098801,n89
-174504.95316686374,744533.2145973339,n90
-174503.02728230532,744492.1317204204,n91
-174501.84370438266,744470.4911449434,n92
-174501.14071330475,744457.637645795,n93
-174497.9385995157,744428.1923593293,n94
-174496.49724295907,744414.9382578409,n95
-174488.23941183256,744379.7035308197,n96
-174481.5862977185,744351.3158499222,n97
-174473.5546196779,744312.7052645627,n98
-174466.89446848258,744280.5965386138,n99
-174462.99611646883,744254.9937265831,n100
-174453.6411150052,744193.1871518417,n101
-174449.01192472546,744159.8068443376,n102
-174445.49645910287,744134.2932955242,n103
-174443.52456928964,744119.9822759758,n104
-174440.43451728538,744100.7682246835,n105
-174438.18230562902,744086.7638952676,n106
-174434.06953536248,744060.6941961523,n107
-174425.5033867353,743998.5707733958,n108
-174414.06094369825,743906.8046073855,n109
-174410.3767572281,743877.2399722211,n110
-174399.14753984674,743786.9157254582,n111
-174390.9354038714,743720.8599862955,n112
-174387.06955815208,743689.7644054962,n113
-174282.62733469458,744711.6138945587,n114
-174299.91815510366,744707.6658641006,n115
-174320.38445742003,744704.526866694,n116
-174335.70313039832,744701.6724073563,n117
-174366.68421116663,744696.6650895681,n118
-174395.25866722703,744690.3061568876,n119
-174409.24394207122,744686.1680048662,n120
-174444.40719504905,744674.1935443127,n121
-174455.73928599642,744670.334519109,n122
-174471.43137999915,744669.7806366544,n123
-174484.74763315063,744666.6206516596,n124
-174404.1683021782,744662.1892787683,n125
-174402.06436380217,744650.6227213462,n126
-174399.0535442425,744632.4719521049,n127
-174395.23034457988,744612.3264465784,n128
-174391.50927788997,744594.1215562499,n129
-174457.6835066216,744579.5498336002,n130
-174469.62931246098,744578.7243689155,n131
-174388.14473661786,744574.9100472974,n132
-174379.31432927545,744552.899468198,n133
-174367.00040488617,744552.8634185464,n134
-174349.91460187823,744554.6127988056,n135
-174339.62447691945,744556.4314628692,n136
-174318.72159306475,744558.3201996504,n137
-174309.29439830914,744559.4899118285,n138
-174288.29401847557,744557.1263831339,n139
-174297.59709920976,744583.050127973,n140
-174299.9051892546,744600.4792274473,n141
-174300.9858705917,744618.9378797174,n142
-174302.01086785778,744636.4454313267,n143
-174298.35069270257,744652.608827086,n144
-174305.9624544114,744667.6619453714,n145
-174307.69877810474,744678.9173089594,n146
-174324.05208359228,744672.4981396975,n147
-174339.52678015945,744678.4415221285,n148
-174290.19297180962,744653.7550970736,n149
-174285.3458717307,744622.2347471036,n150
-174259.8164781997,744626.5950806058,n151
-174236.71778313382,744636.0542027846,n152
-174208.16457522713,744642.4809714415,n153
-174245.7792047849,744661.9222362102,n154
-174230.5980704704,744614.5683570983,n155
-174228.1535865439,744602.0398287968,n156
-174214.5747335893,744600.9009018204,n157
-174196.42344627998,744593.3501838514,n158
-174182.218373349,744594.8080514116,n159
-174152.8085171634,744600.0200832572,n160
-174137.2589100867,744602.8235501449,n161
-174124.34090706226,744605.634729178,n162
-174105.12262417693,744606.4780737712,n163
-174090.0356607461,744603.8346869098,n164
-174071.9735764208,744599.7830330956,n165
-174277.4025085418,744603.8590752924,n166
-174272.45713884875,744591.852743895,n167
-174268.9289622337,744580.7418856082,n168
-174266.62429706525,744573.0273797679,n169
-174265.7813761501,744570.2861213033,n170
-174264.32011115187,744560.4850840542,n171
-174272.213891905,744612.3910517999,n172
-174265.73270686896,744621.4690603456,n173
-174243.58344012452,744622.8037010558,n174
-174237.14069679182,744618.5862085673,n175
-174269.67280134704,744592.4929709864,n176
-174293.17702129437,744540.4262875381,n177
-174291.61788987982,744530.1251345004,n178
-174290.10898940355,744519.6241969033,n179
-174294.76354528646,744506.8920601272,n180
-174317.22983231215,744503.0716217175,n181
-174331.44891767146,744500.6536318454,n182
-174343.59672229958,744498.5878651406,n183
-174387.91878302503,744490.5148429062,n184
-174403.01331731922,744487.7654467727,n185
-174258.351381326,744512.533494575,n186
-174237.48561876165,744516.4710362969,n187
-174213.91431766129,744528.7978535198,n188
-174195.89265004222,744551.9773315401,n189
-174192.63642589058,744572.2210755087,n190
-174167.77816542925,744583.1445692296,n191
-174156.8507662657,744584.4121047356,n192
-174130.01939636472,744590.8312858952,n193
-174109.05102451154,744593.4722274645,n194
-174096.7331449433,744597.2315227633,n195
-174104.2563245921,744557.3528318031,n196
-174106.12509321587,744543.1770013158,n197
-174116.4806573887,744533.6105547093,n198
-174130.20335621643,744527.252916124,n199
-174152.8616535216,744523.6754322193,n200
-174177.2333514261,744521.2903961352,n201
-174212.93403829646,744518.4437066361,n202
-174236.8287971059,744537.562111332,n203
-174239.94906216022,744557.4646587276,n204
-174245.9800518369,744571.1325821194,n205
-174223.05146692766,744562.8133572133,n206
-174203.84870364974,744572.8104141207,n207
-174224.09444876993,744597.1582505443,n208
-174243.7675465117,744557.9379031989,n209
-174343.27684230937,744673.2991070786,n210
-174265.90846238876,744715.2387018789,n211
-174248.42827813898,744715.9872167705,n212
-174246.89199540985,744697.788693861,n213
-174249.10737125247,744687.1986708295,n214
-174255.26903348687,744675.6653658828,n215
-174267.06586650907,744692.7494844648,n216
-174271.51250696753,744698.1399309913,n217
-174377.7651439769,744599.3045960692,n218
-174355.70709729343,744603.4386274357,n219
-174357.8652532853,744612.6419118608,n220
-174357.30299014092,744612.7041489602,n221
-174337.1565183351,744544.0782303453,n222
-174381.87188727886,744534.5642655039,n223
-174391.62862966358,744550.9009018411,n224
-174236.32990783596,744512.2450741985,n225
-174184.8434872638,744485.1136939538,n226
-174189.66442954759,744483.8916917611,n227
-174173.18746484886,744549.8214754588,n228
-174151.06109741514,744533.0042102485,n229
-174114.63243652636,744555.2921339762,n230
-174286.0513468806,744487.2038105426,n231
-174231.79356930318,744495.657539035,n232
-174304.65808272245,744485.0283108674,n233
-174327.13725048673,744481.9295006283,n234
-174326.72073683885,744460.2187601771,n235
-174362.56682811948,744452.4841590697,n236
-174395.76732217587,744448.1188264454,n237
-174438.08528057951,744439.6794638078,n238
-174451.9547133331,744437.0176357249,n239
-174450.5880910466,744425.0018169737,n240
-174454.1123969658,744407.7651278741,n241
-174478.35212423126,744394.6897236236,n242
-174545.3129279668,744544.8622724854,n243
-174562.90423262498,744541.189064392,n244
-174586.1236407022,744536.3406528602,n245
-174617.4379527391,744524.7505748243,n246
-174630.64778780346,744514.1756199311,n247
-174641.12609097591,744509.3444241856,n248
-174646.24410088576,744506.9846797208,n249
-174674.47366477663,744501.699879526,n250
-174582.9643652759,744513.5538012633,n251
-174608.38623317468,744506.0297716127,n252
-174606.3280446143,744498.7399755899,n253
-174640.83356585898,744492.7973507406,n254
-174651.49840486073,744471.4807903245,n255
-174654.00391572824,744454.3616928757,n256
-174655.49033535202,744437.4808395855,n257
-174651.67994380524,744408.5236667449,n258
-174652.20509112647,744392.6048860382,n259
-174651.80096108612,744366.5522903182,n260
-174647.5371525408,744349.4134462712,n261
-174634.37118524866,744344.7918610227,n262
-174608.23227189772,744351.7107604498,n263
-174576.1035132185,744358.3709217405,n264
-174565.79422305687,744360.270519088,n265
-174612.19462027613,744419.0818715277,n266
-174600.7922725314,744604.9670596177,n267
-174516.73359349425,744670.8149182133,n268
-174540.38662307864,744695.0059081049,n269
-174549.47767259844,744700.0980787085,n270
-174566.33836996762,744711.4846440123,n271
-174578.89804206838,744718.6373113213,n272
-174595.28577068777,744727.8515264035,n273
-174608.43267676525,744739.1066189669,n274
-174566.59358017409,744768.3525999828,n275
-174566.49294444916,744782.4635839876,n276
-174544.8063396137,744782.6413670337,n277
-174539.89371405786,744782.74760515,n278
-174540.30264178,744786.408609788,n279
-174544.24801700827,744768.5284565844,n280
-174522.02574937313,744767.4985729022,n281
-174271.1040802843,744478.8707973595,n282
-174265.60535086482,744464.1888623403,n283
-174260.96368257265,744450.5117788431,n284
-174294.01569046368,744458.9772087034,n285
-174402.3955015847,744163.7942879858,n286
-174495.89675225737,744148.2783921364,n287
-174480.0201074814,744128.0904678833,n288
-174535.15924206693,744119.0854708082,n289
-174556.85484647888,744118.0115505494,n290
-174621.91296881298,744115.4795231121,n291
-174622.2089139361,744095.941924316,n292
-174620.32463277836,744084.5992900786,n293
-174611.22114645693,744083.8490497865,n294
-174590.8541154385,744083.5483311189,n295
-174554.37561073224,744083.3637627574,n296
-174536.70062899825,744083.1488669239,n297
-174493.56690034922,744083.7464281076,n298
-174581.87598031387,744079.8898166826,n299
-174581.92825938636,744083.5222514421,n300
-174539.4720134873,744056.9247957479,n301
-174539.49010111994,744050.6532509056,n302
-174539.39150906767,744043.2958971263,n303
-174537.05831855838,744043.6074238493,n304
-174438.48660006837,744002.7468480156,n305
-174452.7872167137,743995.1615351039,n306
-174469.46445393376,743987.0089867567,n307
-174485.4900723288,743985.5762030025,n308
-174495.58996804748,743984.6732109324,n309
-174517.3033875183,743975.0880786605,n310
-174443.99036808326,744054.2335083149,n311
-174450.01567219914,744042.1903683678,n312
-174450.7623741613,744032.5439460992,n313
-174471.19757722341,744009.2058330193,n314
-174487.14110723042,744005.7183376581,n315
-174499.49081397426,744003.0169533994,n316
-174553.87757368534,744005.588054806,n317
-174620.62702865814,744000.4763295503,n318
-174414.89942083182,744108.4821758331,n319
-174377.49028580927,744118.2022668932,n320
-174355.18958306723,744123.6849699517,n321
-174393.62344284862,744008.0141194959,n322
-174360.76837382806,744017.325389938,n323
-174330.07266213073,744025.6780987883,n324
-174319.64622280904,744028.473596129,n325
-174290.02480462636,744036.4155660296,n326
-174264.73556215028,744040.1395295167,n327
-174257.9018140173,744041.1458299193,n328
-174231.3026233682,744041.5503796437,n329
-174209.27363810388,744035.9379274934,n330
-174167.16750694867,744012.6579785317,n331
-174137.23319182673,744006.2987029429,n332
-174113.18490895574,743994.6499379993,n333
-174073.2214830057,743976.2005175047,n334
-174261.77439349724,744031.8769786785,n335
-174363.16593440596,743975.36101436,n336
-174358.65285578783,743961.5985698504,n337
-174363.9920315987,743938.2163648822,n338
-174386.5924981024,743911.8694752278,n339
-174392.4394344822,743878.5989782899,n340
-174449.97101985305,743870.8071266072,n341
-174448.0888608628,743858.7409042579,n342
-174476.91343695336,743834.462515627,n343
-174484.3776324181,743822.0014932049,n344
-174497.50379387874,743810.9685088642,n345
-174471.64699523753,743874.1871904344,n346
-174473.29232325527,743885.2878661753,n347
-174484.55512780746,743885.0795729661,n348
-174497.1032674158,743896.4967637797,n349
-174346.5649778184,743791.084961481,n350
-174326.66443167132,743795.247991908,n351
-174279.6810400917,743801.3820868093,n352
-174373.58815057247,743726.7598956706,n353
-174353.43895956478,743734.0579879303,n354
-174345.6179374436,743745.613373699,n355
-174348.91446279315,743765.7643708737,n356
-174333.69415013146,743767.2877405448,n357
-174466.4142044926,743819.1750255921,n358
-174476.565906499,743808.5097296798,n359
-174448.55249691274,743822.6204192112,n360
-174428.77627185427,743825.2159595373,n361
-174477.1522885954,744623.5410343194,n362
-174365.63457150117,744572.5589574436,n363
-174357.72355395867,744573.7418820941,n364
-174370.21596639062,744562.6824589473,n365
-174198.8973181163,744671.4598670902,n366
-174202.80642139117,744656.6286906686,n367
-174152.67485740277,744653.2252912057,n368
-174151.21061290757,744637.4530224697,n369
-174148.46564306025,744679.3850565573,n370
-174155.11818900742,744699.0638034693,n371
-174164.75483525213,744732.6836277195,n372
-174229.9604706975,744754.4617962762,n373
-174227.62649259955,744774.3554463333,n374
-174228.66823961327,744799.4080186003,n375
-174229.28337267085,744814.2011382305,n376
-174230.31497504518,744839.009819223,n377
-174231.47471441844,744869.2338012082,n378
-174162.6617327407,744824.8811090635,n379
-174187.05437797998,744821.1534464288,n380
-174144.33021639546,744824.9479583771,n381
-174118.22945479825,744818.599729824,n382
-174109.90663638635,744819.115730785,n383
-174109.52825217036,744803.0156347117,n384
-174116.4912827994,744798.2116968888,n385
-174130.63357536632,744796.6852596949,n386
-174139.74413477644,744795.0234529034,n387
-174160.00763229732,744789.7760786645,n388
-174159.69496523766,744773.6135502234,n389
-174156.63815214954,744753.4628833781,n390
-174322.51933847665,744815.3390895718,n391
-174289.80494351787,744813.6454974604,n392
-174444.2974370658,744798.5691924961,n393
-174420.3396417448,744796.9311383407,n394
-174428.91684833402,743776.4911215677,n395
-174435.41081831107,743776.1567995542,n396
-174393.34894720957,744518.0043776283,n397
-174323.60919676506,744521.177241073,n398
-174291.9136387417,744762.3412231434,n399
-174246.69029630022,744769.6472627367,n400
-174246.7300393634,744838.756411035,n401
-174290.61736785425,744826.341668466,n402
-174317.94787838781,744863.2075652557,n403
-174311.08164648316,744875.9720342694,n404
-174276.58423995387,744872.9763245654,n405
-174288.76524836928,744803.9029351838,n406
-174504.4045737756,744812.0121229202,n407
-174528.99505918525,744843.494721172,n408
-174555.4117528554,744844.311948371,n409
-174579.31959852335,744843.6433079343,n410
-174585.5548237053,744843.7176013158,n411
-174589.90841288553,744841.9345601887,n412
-174590.88600274717,744820.1047176293,n413
-174589.1647089277,744793.8068571595,n414
-174578.4710175814,744787.180367133,n415
-174664.02532417836,744760.0139246711,n416
-174542.7767268667,744614.1144493357,n417
-174566.74811831262,744569.4989845343,n418
-174559.42188567668,744575.6286092388,n419
-174565.48179251637,744593.1346060173,n420
-174573.3160755629,744618.5456780806,n421
-174576.1515236724,744632.4239924769,n422
-174557.45051417695,744635.9875722121,n423
-174538.50918468463,744639.7916601613,n424
-174518.72569299134,744644.7993668272,n425
-174663.6814976267,744441.7858212385,n426
-174290.68739161445,744449.8313751857,n427
-174451.75030798255,743938.5855950101,n428
-174295.07884047276,744669.3957331625,n429
-174293.0739573499,744687.0270972127,n430
-174308.4286716733,744683.6486951453,n431
-174209.98208841137,744806.1143719378,n432
-174199.34526958776,744817.6616647174,n433
-174205.01710230214,744762.1981159468,n434
-174290.8306524696,744046.3013988235,n435
-174300.5044788403,744051.7485933925,n436
-174310.77750541913,744057.5331869301,n437
-174326.96248473998,744076.7517722229,n438
-174348.62149759603,744101.984740688,n439
-174383.54854779746,744205.7645946507,n440
-174407.02706995033,744187.6029407763,n441
-174368.6961088082,744210.6021629797,n442
-174339.57795998827,744219.3968906625,n443
-174326.49234530365,744219.299781641,n444
-174311.18070578465,744221.3132257788,n445
-174294.35629697825,744221.2051638883,n446
-174281.9239943305,744217.4050800656,n447
-174264.97034618817,744221.5895830938,n448
-174247.97913926034,744157.9100804413,n449
-174242.008739046,744135.9976854235,n450
-174228.6719490703,744087.0493659656,n451
-174253.6129533266,744118.7313952697,n452
-174274.46670634844,744099.1507640885,n453
-174286.67271959246,744080.162292771,n454
-174206.88415970936,745031.5504057438,n455
-174336.00344400483,745172.409171921,n456
-174291.14585332858,745147.3450829227,n457
-174287.57663722246,745146.4357217117,n458
-174268.90211990417,745153.5387972299,n459
-174268.21786279342,745153.7990624371,n460
-174254.42306089244,745145.2267288273,n461
-174253.8661912153,745145.7980613428,n462
-174244.82807352685,745139.6632748002,n463
-174239.0395936956,745150.3146659537,n464
-174240.4122473127,745137.1977768636,n465
-174233.7702864331,745133.4893554955,n466
-174233.7402946267,745146.4907742597,n467
-174239.4383640652,745149.5808880682,n468
-174232.8728526559,745135.106815672,n469
-174238.86949233955,745128.031094275,n470
-174235.5488200028,745122.4387282968,n471
-174233.57820840605,745121.297499991,n472
-174232.58367788975,745123.6555345174,n473
-174207.1196503154,745104.6139586469,n474
-174216.56802264132,745088.7679338017,n475
-174229.49684807868,745115.1222434604,n476
-174227.97357711912,745117.7634803714,n477
-174266.57632783402,745086.4083413368,n478
-174275.3930470385,745109.6634612947,n479
-174284.1519024675,745115.5409278505,n480
-174251.98817809322,745158.2297139661,n481
-174260.75339226154,745163.5187754927,n482
-174300.01512424604,745105.2662263334,n483
-174231.08889751206,745061.2938956894,n484
-174207.11787184674,745050.4199268383,n485
-174188.69704838848,745049.6089384727,n486
-174174.51147750358,745046.9179532374,n487
-174160.51280304775,745044.6059956164,n488
-174151.78168190445,745040.9847983153,n489
-174149.54470371408,745034.4494113585,n490
-174148.62858517756,745026.2147286491,n491
-174150.25388970395,745016.7574344347,n492
-174152.22913397825,745017.2023513302,n493
-174175.82084605886,745037.6059628954,n494
-174229.44129644567,745044.4808275558,n495
-174230.6892284774,745041.340586856,n496
-174166.37992864486,744884.8564403153,n497
-174166.3019270987,744888.0819644881,n498
-174168.24724623116,744911.3796595556,n499
-174203.59351222825,744952.8084360157,n500
-174177.46240960073,744952.9210485485,n501
-174164.83477670074,744963.4789285176,n502
-174152.49577503014,745005.3622281072,n503
-174155.15693827337,744995.2456314598,n504
-174159.4971349444,744989.5811278113,n505
-174160.3505820855,744988.8371186347,n506
-174160.39871328737,744986.6032244108,n507
-174160.26730680093,744983.2911192954,n508
-174160.74012884963,744966.0715669377,n509
-174157.86613834693,744952.2958519283,n510
-174155.34334218214,744947.0843248098,n511
-174155.27317432518,744938.8521364216,n512
-174156.31834535836,744934.9757622954,n513
-174156.3261505794,744932.2791016795,n514
-174158.59654228715,744932.3647460657,n515
-174248.8156476918,745013.1697276522,n516
-174205.40271439363,744767.88059313,n517
-174440.71349720273,744912.1763783906,n518
-174433.58251148064,744942.1001735918,n519
-174422.77196904246,744908.1497855234,n520
-174413.3304121136,744906.418970183,n521
-174411.28465175853,744914.5563955058,n522
-174408.3368632924,744900.8472086823,n523
-174389.43857812902,744879.7606473964,n524
-174409.09790108932,744894.2282415811,n525
-174410.6313919112,744877.5215129782,n526
-174411.0888139371,744868.9426927621,n527
-174411.98607717606,744819.0639981539,n528
-174412.25209260237,744894.7542220302,n529
-174418.49044000867,744852.7758052768,n530
-174497.46114368548,744887.8610818444,n531
-174399.85718866988,744853.0233164974,n532
-174648.8984100842,744542.8200951437,n533
-174652.1358499408,744553.7122112782,n534
-174641.38846587393,744542.2202252274,n535
-174525.86388778078,743972.953143098,n536
-174495.57214999,744151.9987007971,n537
-174350.9968439149,744123.21481569,n538
-174400.804672576,744163.642076986,n539
-174402.2793553211,744163.804222774,n540
-174325.09714798795,743768.2791815455,n541
-174356.87180270767,743883.7902857428,n542
-174379.70774291974,743879.771404643,n543
-174313.76975197782,743945.3828540976,n544
-174310.9035607372,743945.7106050928,n545
-174310.45752758472,743989.6439915941,n546
-174406.4103012542,744183.4370074307,n547
-174356.00396074698,744573.8695295256,n548
-174459.87574022918,744662.1344964983,n549
-174431.8213452399,744645.6162436078,n550
-174430.94793450803,744648.309617341,n551
-174442.7800307134,744660.4686990525,n552
-174439.80418363257,744649.3894372634,n553
-174334.81932846567,744480.1959875106,n554
-174394.46807953966,744526.9502866962,n555
-174582.7295871303,744710.6893755755,n556
-174290.3102772339,744448.9652941659,n557
-174260.5275071613,744447.6173000269,n558
-174221.67291891153,744461.590876773,n559
-174226.3741160426,744461.2068503132,n560
-174168.5041160989,744551.5868222283,n561
-174081.14738362908,744607.0502311082,n562
-174081.32246785684,744601.8801601199,n563
-174143.3666456566,744641.3117961921,n564
-174141.41536729285,744681.494212563,n565
-174153.25637277914,744713.6649892566,n566
-174159.04679640694,744712.7697229307,n567
-174130.6186848006,744698.2183159915,n568
-174154.52183449094,744693.5234711112,n569
-174130.9927558551,744701.5150823019,n570
-174461.20357825357,744599.2679477377,n571
-174456.61627894672,744600.1788120785,n572
-174604.4443413309,744604.5651060987,n573
-174605.11851331,744494.1906779406,n574
-174605.42122406937,744495.5281527732,n575
-174417.89203474653,744738.7058743824,n576
-174418.7860573835,744754.6046940675,n577
-174413.5207225114,744755.1570011344,n578
-174413.81162593604,744761.1098731006,n579
-174270.80972363128,744762.5500462571,n580
-174409.2082664953,744631.5588211643,n581
-174544.77009253774,744613.803403853,n582
-174156.217054553,744783.3895294949,n583
-174159.8770819063,744783.0276024902,n584
-174340.6480520465,744478.8806956162,n585
-174532.31993407055,744044.24009085,n586
-174581.8284453862,744076.587015644,n587
-174322.03750477204,743768.632031616,n588
-174354.0656568924,744574.01341204,n589
-174307.09423723884,743946.1462036863,n590
-174665.24023555598,744442.6050379344,n591
-174676.6928128087,744501.2844365945,n592
-174606.19651209685,744604.372258819,n593
-174454.32632115952,744600.6335110273,n594
-174437.4361028095,744628.3017716699,n595
-174356.3006164459,744612.8151020323,n596
-174344.06569809082,744672.2173585267,n597
-174346.59979311225,744668.7423838727,n598
-174387.091597511,744533.4536796442,n599
-174395.12870169664,744532.2310440431,n600
-174428.17129564958,744544.9701420976,n601
-174438.5116956083,744543.2312853559,n602
-174489.5940982103,744535.1563122331,n603
-174477.25263320195,744536.7165341947,n604
-174469.81609395877,744537.9670793235,n605
-174179.5277365798,744486.4611185727,n606
-174176.8925888287,744504.8472760024,n607
-174211.87797936721,744509.3147558122,n608
-174211.218779533,744503.3197253702,n609
-174210.7327734833,744497.6541292241,n610
-174210.5643061544,744495.6902282548,n611
-174165.66046037117,744552.6734403763,n612
-174150.5885696876,744535.452004843,n613
-174235.0245711565,744507.4719918261,n614
-174246.15299581704,744558.2335441075,n615
-174247.54589464268,744574.6812231462,n616
-174264.8304064106,744573.3966935801,n617
-174263.5100876084,744573.76739473,n618
-174262.9009141599,744573.8677653004,n619
-174226.26255086804,744599.765641798,n620
-174269.6259384782,744657.3936241214,n621
-174251.38496826697,744660.8576751479,n622
-174231.9055658721,744651.7849080393,n623
-174245.77735184896,744661.9208822888,n624
-174220.10232316563,744646.8519323288,n625
-174246.94484097595,744661.7008764225,n626
-174276.38779179464,744671.5887450768,n627
-174275.1009359573,744702.4900088987,n628
-174204.70809172266,744640.6138377464,n629
-174195.20920578623,744635.4826995707,n630
-174185.58665276767,744631.9556489155,n631
-174160.55346647813,744634.6813388393,n632
-174150.69013027244,744635.9852358208,n633
-174145.49743877896,744621.341589237,n634
-174149.72141907693,744633.2534225225,n635
-174140.80962899336,744642.5696987004,n636
-174206.13503146984,744671.8897034546,n637
-174214.53005394986,744673.5254970649,n638
-174138.48142434837,744682.3719287531,n639
-174131.3398583615,744704.5741693199,n640
-174187.00283655274,744634.9512836764,n641
-174183.2121900495,744635.6552592864,n642
-174174.55061326397,744636.3109038254,n643
-174172.51471335057,744638.4842489241,n644
-174170.2018957932,744642.8360957538,n645
-174170.36950181684,744643.3643896308,n646
-174172.7510443625,744650.3349599767,n647
-174173.56193911727,744654.0128792869,n648
-174166.9339098933,744644.1675163237,n649
-174165.76593287935,744644.4405503018,n650
-174247.42020643453,744838.7583700796,n651
-174246.60836511027,744838.7559905875,n652
-174221.9471046899,744815.8433949978,n653
-174216.79677709576,744818.8248634398,n654
-174212.45047598,744822.317338591,n655
-174359.64180467537,744788.1221139812,n656
-174367.26640124535,744845.1113609564,n657
-174383.20630251258,744851.1190538162,n658
-174399.84356349416,744857.9767632746,n659
-174418.46120948295,744856.3126764654,n660
-174540.59447853192,744789.02133497,n661
-174502.87798071175,744888.7770201947,n662
-174430.25297659662,744941.2087737367,n663
-174410.22143866547,744918.785539555,n664
-174436.7594767988,744943.0629313178,n665
-174438.51709357093,744943.5448053301,n666
-174141.37013209716,744905.8259980951,n667
-174142.555672089,744901.3160679351,n668
-174146.97826190994,744884.4920224635,n669
-174143.2989806667,744866.2134326336,n670
-174165.73928591798,744911.3482783746,n671
-174166.15879189715,744894.0008943034,n672
-174154.16100901633,744911.5731919155,n673
-174148.7757253259,744911.6778027724,n674
-174163.11272310096,744932.5351064918,n675
-174163.36094266915,744986.2127779097,n676
-174159.3893720005,744985.6833993851,n677
-174159.08168023097,744985.4001671458,n678
-174158.64715369183,744985.0001826854,n679
-174158.242809134,744984.4541649604,n680
-174176.6289907586,745031.8585831748,n681
-174200.1789711116,745025.369450062,n682
-174231.420811647,745039.4996633346,n683
-174228.34541648487,745065.3737565737,n684
-174265.5801062117,745088.162715042,n685
-174230.48833645624,745113.403077298,n686
-174217.40036592697,745087.3719964107,n687
-174298.0680259302,745108.512065928,n688
-174286.69195914752,745117.2453851778,n689
-174231.80011632375,745125.5133609687,n690
-174238.44657444797,745151.4058814248,n691
-174253.28117728393,745146.3982690504,n692
-174266.5551476595,745154.4314955709,n693
-174119.07630062403,744554.4761057199,n694
-174124.46692028924,744553.48287639,n695
-174123.48171039688,744547.5519041518,n696
-174130.8785144865,744546.0600387456,n697
-174138.90179505805,744544.5700090087,n698
-174145.79705251625,744543.2028004689,n699
-174149.66001845972,744542.4179333046,n700
-174151.6895822379,744541.9587808863,n701
-174156.01500793805,744541.0254902854,n702
-174156.50560787818,744544.6846820712,n703
-174157.3720938921,744548.3449760149,n704
-174158.23057269515,744551.2563751797,n705
-174150.36474179215,744537.0279663827,n706
-174149.88430254202,744540.6843111793,n707
-174213.2727620076,744463.4266707592,n708
-174218.028062783,744487.1529148815,n709
-174210.56558755095,744488.8318987318,n710
-174210.39950817334,744492.96404364,n711
-174210.0038787243,744488.9582776717,n712
-174292.06071230397,744764.0983244607,n713
-174292.30300775453,744766.9684919125,n714
-174288.12092646505,744767.0864308261,n715
-174514.39846547702,743938.3903398194,n716
-174523.88597730658,743937.7547577436,n717
-174527.48710112902,743972.6093573206,n718
-174530.99643085204,743972.2412280967,n719
-174524.64297697667,743939.468179491,n720
-174524.07819623622,743938.6756706431,n721
-174524.49170247364,743938.687859588,n722
-174481.84679991598,743802.092639776,n723
-174500.57850395227,743780.3272545687,n724
-174500.46066634075,743777.7412886943,n725
-174502.87706749426,743808.7758163604,n726
-174505.26165152434,743807.3953772979,n727
-174505.1901873896,743788.728235622,n728
-174504.96669601748,743779.3310545258,n729
-174502.22928004444,743778.4036192812,n730
-174502.1503137713,743778.376865543,n731
-174290.62095619654,744830.0522511841,n732
-174290.56906712183,744826.3312599186,n733
-174290.60804467543,744834.5174657704,n734
-174261.29755898227,744030.5464669634,n735
-174309.75400185722,743986.6710311945,n736
-174653.1089841546,744556.9862459775,n737
-174640.2787434081,744542.1315841196,n738
-174290.59542626506,744838.8812873901,n739
-174290.5761872831,744838.8812310164,n740
-174247.24298697215,744838.7542396205,n741
-174290.54875055124,744838.8811506217,n742
-174282.137741108,744767.2551621306,n743
-174271.03211212953,744767.5683492799,n744
-174209.81200665815,744488.9989107372,n745
-174199.72328572808,744491.1354148986,n746
-174209.4247079402,744489.0809296289,n747
-174197.49131566015,744483.0565970493,n748
-174158.97959659027,744553.796574776,n749
-174159.2332804962,744554.6569048049,n750
-174392.0695524493,743878.6311221422,n751
-174392.44536608638,743878.5975515512,n752
-174391.5246040282,743878.6862606087,n753
-174391.39387379558,743878.6986102308,n754
-174460.91024893147,744660.0837071771,n755
-174409.58368773022,744631.5250625727,n756
-174348.674439193,744665.8974458134,n757
-174414.04621118322,744765.9102854612,n758
-174193.03880380702,745024.3063306218,n759
-174184.8222387226,745022.8924864598,n760
-174178.65584872037,745021.9134227453,n761
-174181.80257310366,745022.4127188093,n762
-174178.21442568136,745021.7850618506,n763
-174184.77504899286,745022.8843664057,n764
-174249.83707837178,745011.5189814881,n765
-174439.83525387655,744943.9370799395,n766
-174257.52716559605,744574.8778527837,n767
-174253.75959832696,744575.5560222343,n768
-174251.52270564882,744575.9586671431,n769
-174251.4452375997,744575.9737066365,n770
-174248.21329405042,744576.6011496347,n771
-174286.36370705956,744688.5035102596,n772
-174366.84065280878,744848.8236968857,n773
-174173.9229339266,744655.692468789,n774
-174288.01573139694,744664.8570542843,n775
-174288.86232091702,744670.1251152058,n776
-174287.59504133524,744662.2392321024,n777
-174286.34112902425,744654.4365296814,n778
-174144.30414981782,744911.6797760047,n779
-174142.0901811233,744911.6807528565,n780
-174140.34938415582,744911.6815208714,n781
-174450.66677557674,744541.1872667049,n782
-174418.29081193858,744796.8640180468,n783
-174385.94062645378,744875.2431787576,n784
-174391.13625750903,743878.7229463293,n785
